Dia,Data,DiaUtil,Feriado,Temp_C,Umidade_%,Vento_mps,Chuva_mm,Irradiancia_kWhm2,PM25_ugm3,PM10_ugm3,NO2_ugm3,O3_ugm3,CO_mg_m3,SO2_ugm3,AQI,Ruido_dBA,pH,Turbidez_NTU,OD_mgL
1,2025-01-01,1,0,20,69,"1,5","19,4","2,22","20,2",37,"33,7","50,8","0,656",3,68,"61,8","7,13","18,7","7,77"
2,2025-01-02,1,0,"19,9",71,"2,2","29,3","2,95",18,"27,7","15,4","58,5","0,689","4,6",63,"63,6","7,11","20,3","8,59"
3,2025-01-03,1,0,"19,5",65,"1,5",17,"2,17","14,9","30,5","15,8","47,7","0,521","5,4",56,"67,5","7,02","18,5","8,4"
4,2025-01-04,0,0,"19,2",74,"1,6","17,4","2,3","14,9","21,4","9,3",37,"0,487","2,8",56,"58,9","7,55","18,9","8,71"
5,2025-01-05,0,0,"21,2",68,2,"10,8","2,13","16,3","22,5","24,4","44,8","0,365","3,3",59,"57,6","7,19","16,3","7,89"
6,2025-01-06,1,0,"21,1",69,"1,3","8,7","2,46","20,1","38,3","22,8","43,7","0,551",5,68,"63,3","7,14","13,5","8,4"
7,2025-01-07,1,0,"18,5",68,"1,8","18,9","2,39","18,7","37,8",38,"49,2","0,62","6,3",65,"64,9","7,25","16,7","8,21"
8,2025-01-08,1,0,"19,6",74,"1,6","17,9","2,61","18,2","29,1","18,3","51,5","0,629",6,63,"65,1","7,23","19,8","8,36"
9,2025-01-09,1,0,19,64,"1,4","21,4","1,96","18,1","30,6","31,7","57,1","0,657","4,9",63,"59,2","6,75","29,2","8,72"
10,2025-01-10,0,1,21,73,"1,3","28,1","2,33","7,8","21,5","26,3","43,6","0,419","3,9",36,"59,6","6,99","25,1","8,23"
11,2025-01-11,0,0,"18,7",70,"1,9","20,7","2,45","11,3","23,8","13,9","43,8","0,46","4,8",47,"58,9","6,94","18,8","8,59"
12,2025-01-12,0,0,"20,2",66,"1,9",19,"2,68","9,6","25,3","24,3",65,"0,256","3,5",56,"56,7","6,83","20,6","8,7"
13,2025-01-13,1,0,"17,2",64,"1,7",24,"2,72","18,8","32,8","26,2","44,5","0,827","7,5",65,"58,4","7,19","28,2","8,61"
14,2025-01-14,1,0,"21,7",63,"1,2","12,7","1,63","17,1","38,6","21,8","40,6","0,513","5,1",61,"60,5","7,16","13,9","7,62"
15,2025-01-15,1,0,22,68,"1,8","21,4","2,06","14,4","32,7","25,8","48,1","0,586","6,9",55,"64,4","7,06","24,2","8,28"
16,2025-01-16,1,0,"18,5",64,"1,4","11,1","2,56","21,9","36,7","29,1","56,8","0,685","2,7",71,"63,3","6,81","10,4","7,87"
17,2025-01-17,1,0,"22,6",62,"1,8","24,6","2,59","19,2","29,7","33,4","42,4","0,538","6,7",66,62,"7,17","18,9","7,27"
18,2025-01-18,0,0,"19,3",65,"1,7","15,2","2,67","10,9","27,6","12,4","51,3","0,641","4,4",45,"56,6","6,95","25,3","8,85"
19,2025-01-19,0,0,"21,3",70,"1,8","12,3","2,94","17,7","20,1","13,2","49,8","0,509","3,2",62,59,"6,97","15,6","7,71"
20,2025-01-20,1,0,21,71,2,"3,7","2,5","19,4","33,2","34,7","59,4","0,651","5,6",66,"60,2","7,05","10,1","8,45"
21,2025-01-21,1,0,"19,5",68,"1,8","9,8","2,86","20,5","28,7","28,6",54,"0,564","6,6",69,"63,2","7,13","14,3","9,02"
22,2025-01-22,1,0,"19,8",67,"1,6","11,2","3,24","15,8","36,5","27,2","57,9","0,492","5,6",58,"61,9","7,11","15,9","8,7"
23,2025-01-23,1,0,"21,2",70,"2,2","17,2","2,46","17,3","31,1","30,8","45,6","0,486","4,7",62,"60,8","7,07","13,2","8,77"
24,2025-01-24,1,0,"20,5",71,"1,9","10,6","2,6","20,8","36,1","22,3","47,1","0,524","5,2",69,"64,3","7,05",10,"8,85"
25,2025-01-25,0,0,"23,2",72,"1,7","2,6","1,21","19,5","23,2","27,7","44,3","0,382","3,8",66,"59,9","7,06","15,4","8,32"
26,2025-01-26,0,0,"19,3",67,"1,1","0,6","2,86","14,3","29,9","11,6","45,2","0,421","4,7",55,"56,6","7,02","16,2","8,55"
27,2025-01-27,1,0,"22,7",56,"1,4",29,"3,35","14,9","29,5","27,1",48,"0,626","3,6",56,"60,2","6,92","23,1","7,53"
28,2025-01-28,1,0,"21,2",64,"2,1",0,"1,88","27,8","37,5","29,7","43,9","0,64","6,2",84,"62,9","6,93","1,4","8,6"
29,2025-01-29,1,0,"21,1",65,"1,6",0,"2,46","25,5","31,2",32,"46,3","0,652","4,6",79,"64,6","7,25","5,7","7,74"
30,2025-01-30,1,0,"22,3",66,"1,4","6,3","2,61","24,3","31,2","33,9",56,"0,599","6,3",77,"63,5","7,27","8,9","7,74"
31,2025-01-31,1,0,23,65,"1,5","13,6","2,91","22,1","28,8","34,5","51,3","0,639","6,9",72,"60,9","7,06","13,4","7,79"
32,2025-02-01,0,0,"22,6",69,"1,8","6,1","2,99","14,7","29,5","20,8","66,3","0,503",4,58,"60,4","6,94",13,"7,85"
33,2025-02-02,0,0,"22,8",63,"1,9","13,4","2,47","16,1","18,6","19,6",51,"0,442","3,9",59,"57,1",7,"23,5","7,86"
34,2025-02-03,1,0,"22,4",57,"1,5","10,1","2,44",23,"27,4","31,5","53,1","0,616","5,9",74,"61,1","7,12","17,4","7,58"
35,2025-02-04,1,0,"21,6",67,"1,9",0,"2,26","18,2","35,3","26,4","46,9","0,716","5,2",63,60,"7,22","7,7","8,13"
36,2025-02-05,1,0,"22,5",67,"1,7","2,4","2,61","21,1","26,9","29,2","51,1","0,604","7,3",70,"61,4","7,13","10,2","8,4"
37,2025-02-06,1,0,27,57,"1,7",2,"3,01","16,1","30,6","22,6","66,9","0,661","4,5",59,"62,9","7,05","18,2","6,35"
38,2025-02-07,1,0,"25,4",67,"1,2","13,2","3,34","27,2","31,3","30,6","58,8","0,422","5,2",83,"62,7","7,3","14,6","7,75"
39,2025-02-08,0,0,"24,6",67,2,11,"2,37","16,5","18,5","20,4","62,8","0,295","3,1",60,"57,2","7,41","3,2","7,92"
40,2025-02-09,0,0,"23,3",67,"1,5",0,"2,95","14,6","28,4","15,2","66,2","0,426","2,9",58,"55,1","7,23","11,3","8,63"
41,2025-02-10,1,0,"24,1",70,"0,8",0,"3,51","27,8","38,1","20,5","65,9","0,487","6,6",84,60,"6,86","14,4","7,31"
42,2025-02-11,1,0,"22,8",60,"1,4","16,1","2,89",19,"35,2","24,7","64,4","0,45","5,2",65,"58,7","7,05","21,3","7,95"
43,2025-02-12,1,0,"20,8",55,"1,6",0,"2,52","25,9","29,5","26,5","59,4","0,641","4,1",80,"57,9","7,35","8,6","9,1"
44,2025-02-13,1,0,"21,1",63,"0,6",0,"2,76","18,7","35,4","20,5",45,"0,72","6,6",65,"60,1",7,"8,7","7,94"
45,2025-02-14,1,0,"22,1",65,"2,3",0,"2,96","17,5","34,9","28,5","69,5","0,708",6,62,"66,5","7,13","7,2","7,95"
46,2025-02-15,0,0,"23,2",67,"1,6","1,6","3,62","16,2",29,"21,1","67,2","0,507",5,59,"57,4","7,13","7,3","7,64"
47,2025-02-16,0,0,"26,8",63,"1,6",0,"2,95","14,3","27,6","16,7","51,8","0,314","3,3",55,"52,7","7,17","3,7","7,25"
48,2025-02-17,1,0,23,63,"1,5",0,"2,71","19,5","32,9","30,3",62,"0,661","7,1",66,"59,6","6,8","9,1","8,42"
49,2025-02-18,1,0,"24,8",70,"1,6",0,"3,61","19,6","37,5","29,4","59,3","0,562","6,5",66,"57,7","7,24",1,"8,42"
50,2025-02-19,1,0,"23,4",67,"1,9","6,3","3,04","23,3","40,2","23,3","51,6","0,671","5,2",75,"64,3","7,18","13,3","7,85"
51,2025-02-20,1,0,"21,3",61,"1,4","1,5","1,92","23,4","37,8","27,7","55,6","0,571","6,3",75,"64,4","6,97","9,4","8,41"
52,2025-02-21,1,0,"23,9",59,"1,5",0,"2,83","21,4","34,4","27,4","48,1","0,668","5,4",71,"61,6","7,09","2,1","8,92"
53,2025-02-22,0,0,"21,6",58,"1,5",0,"2,65","11,9","21,7","17,1","55,3","0,372","5,3",50,"56,1","7,37","7,3","8,19"
54,2025-02-23,0,0,"21,8",66,"1,9",0,"3,54","19,8","24,9","20,1","59,1","0,524","4,4",67,"59,2","6,8","9,1","7,6"
55,2025-02-24,1,0,"25,5",59,"1,5",0,"2,89","23,7","33,3","28,7",62,"0,586","3,6",75,"61,5","6,87","7,6","8,05"
56,2025-02-25,1,0,"25,8",63,"1,9",0,"3,41","19,9","35,1","21,4","65,5","0,604","6,7",67,"56,5","6,99","13,7","7,07"
57,2025-02-26,1,0,25,60,"2,3",0,"2,98","19,5","33,5","31,3","52,7","0,459","6,4",66,"61,4","7,22","4,9","8,27"
58,2025-02-27,1,0,"19,6",66,"1,9",0,"3,42","23,1","31,2","34,4","64,7","0,537",5,74,"61,5","6,95","2,7","8,69"
59,2025-02-28,1,0,"25,6",58,"1,6",0,"3,5","21,4","28,1","29,5","65,1","0,612","4,3",70,65,"7,1","10,3","8,05"
60,2025-03-01,0,1,26,68,"1,5",0,"3,47","9,7","21,4","23,5","65,5","0,349","5,4",57,"60,7","7,4","6,3","7,22"
61,2025-03-02,0,0,"27,5",53,"1,6",0,"3,4","13,7","27,1","6,2","55,5","0,411","3,1",54,"57,3","7,27",11,"8,32"
62,2025-03-03,1,0,"25,2",56,2,0,"3,51",21,"28,8","17,5","68,1","0,591","7,7",70,"62,4","6,88","7,9","7,66"
63,2025-03-04,1,0,"25,9",59,"2,2","1,7","3,36","19,5","29,4","33,4","59,9","0,583",6,66,"60,9","7,18","9,7","7,63"
64,2025-03-05,1,0,"22,2",58,"1,7",0,"3,37","25,2","31,9","17,7","57,1","0,675","4,5",79,"59,7","6,92","9,8","8,13"
65,2025-03-06,1,0,"24,2",65,"1,6",0,"3,71","17,9","33,7","37,4",70,"0,59","3,9",63,"65,9","6,91","10,8","7,05"
66,2025-03-07,1,0,"25,6",66,"1,6","1,6","3,36","22,5","27,7","36,2","62,8","0,546","4,3",73,"63,8","7,18","3,2","7,47"
67,2025-03-08,0,0,"27,2",55,2,"7,6","3,89","20,1","21,3","22,6","71,8","0,484","3,9",68,"61,4",7,"8,3","6,98"
68,2025-03-09,0,0,27,56,"1,7",0,"3,46",17,"18,6","15,5","70,7","0,448","2,6",63,"55,5","7,33","3,2","7,45"
69,2025-03-10,1,0,"26,1",51,"2,2","1,6","3,3","21,6","35,2",31,"56,5","0,595","5,1",71,"61,1","6,91","4,8","7,9"
70,2025-03-11,1,0,"30,2",62,"2,4",0,"3,99","18,1","26,5","29,5","69,7","0,718",6,63,"59,4","7,14","6,9","6,78"
71,2025-03-12,1,0,26,61,"1,6",0,"4,03","26,1","34,3","25,1","68,1","0,621","5,4",81,"59,2","6,97","0,5","7,31"
72,2025-03-13,1,0,"24,7",58,"2,2",0,"3,67","16,9","35,2","29,6","59,6","0,635","6,5",61,"66,8","6,94","11,4","7,39"
73,2025-03-14,1,0,"27,8",61,"1,9",0,"4,45","19,6","27,1","24,9","74,3","0,618","5,9",68,"63,3","7,22","3,6","7,37"
74,2025-03-15,0,0,"28,7",61,"2,2",0,"4,56",18,"23,7","22,9","78,8","0,387","4,1",73,"62,4","7,19",6,"6,84"
75,2025-03-16,0,0,"25,5",51,"1,5",0,"3,96","15,7","27,5","11,8","64,2","0,348","1,3",58,"56,6","7,19","14,4","7,84"
76,2025-03-17,1,0,"26,5",66,"1,9",0,"3,84","16,2","31,9","31,1",58,"0,593","4,8",59,"62,2","7,3","6,4","7,92"
77,2025-03-18,1,0,"26,3",62,"1,5","3,3","4,01","18,5","34,9","22,8","56,7","0,535","7,2",64,"63,1","6,8","8,3","6,93"
78,2025-03-19,1,0,"24,8",53,"2,2","11,2","3,85",13,"28,5",32,"73,3","0,487","4,9",67,"62,6","7,06","20,2","7,65"
79,2025-03-20,1,0,"24,5",64,"1,7","6,7","3,89","24,7","34,2","26,5","54,5","0,497","5,8",78,"64,3","7,16","13,1","8,51"
80,2025-03-21,0,1,"26,1",61,"1,7","15,3","3,43","11,9",25,"19,4",60,"0,414","3,5",50,"60,6","6,99","20,7","7,06"
81,2025-03-22,0,0,"28,1",56,"1,3","3,5","3,88","15,9","22,4","24,2","68,6","0,396","2,6",61,"61,1","7,09","5,4","6,88"
82,2025-03-23,0,0,"26,3",53,"1,8","19,5","4,63","15,7",21,"21,9",74,"0,356","3,8",68,"59,5","6,97","21,8","6,54"
83,2025-03-24,1,0,"25,8",61,"2,2",0,"4,7","21,2","28,9","28,2","81,9","0,423","5,1",77,"61,2","7,08",5,"7,36"
84,2025-03-25,1,0,"27,3",57,"1,8","13,4","3,99","14,4",36,"27,6","67,6","0,663","3,7",59,"62,2","6,97","13,5","7,68"
85,2025-03-26,1,0,"27,1",60,"2,5","0,6","3,39","16,5","36,1","28,8","60,6","0,709","4,2",60,"63,9","7,01","12,7","7,63"
86,2025-03-27,1,0,"24,9",54,"1,9","15,9","4,82","19,8","26,9","29,6","74,2","0,568","5,5",68,"58,7","7,06","21,4","7,71"
87,2025-03-28,1,0,24,60,"2,5","10,1","4,7","19,5","28,2","21,9","78,2","0,514","4,2",73,"60,6","7,07",13,"7,85"
88,2025-03-29,0,0,"29,6",56,"1,6","27,8","4,43","13,9","22,7","23,9","76,3","0,474","4,7",70,"60,7","6,95","34,7","6,87"
89,2025-03-30,0,0,"27,5",60,"1,7","15,8","3,9","19,4","19,4","20,7","76,3","0,361","4,2",70,"55,8","7,11","19,8","6,25"
90,2025-03-31,1,0,"23,8",61,2,"8,9","4,11","18,3","26,3","30,9","75,7","0,531","6,9",70,"61,9","7,19","17,8","7,84"
91,2025-04-01,1,0,"26,5",57,"1,7","2,3","4,16","22,5","24,6","27,4",72,"0,554","6,7",73,"61,8","7,15","10,8","8,31"
92,2025-04-02,1,0,"27,1",57,"2,2","14,1","3,91","19,4","32,6","26,7",62,"0,693","5,6",66,"61,2","7,19","14,6","7,03"
93,2025-04-03,1,0,"25,7",61,"2,1","11,3","4,38","21,2","38,3","22,7","72,1","0,556","6,1",70,"62,4","7,28",19,"6,93"
94,2025-04-04,1,0,"30,2",61,"2,2","31,1","4,15",19,"24,7","21,3","72,2","0,461","3,5",65,"64,9","7,36","25,5","6,14"
95,2025-04-05,0,0,"26,9",58,"2,1","19,3","4,51","16,1","23,8","10,9","77,5","0,4","3,3",72,55,"7,1","18,5","7,47"
96,2025-04-06,0,0,26,56,2,"22,3","4,68","11,4","16,5","19,9","68,1","0,385",3,60,"56,4","7,23","22,6","7,31"
97,2025-04-07,1,0,"28,6",49,"1,8","15,2","4,44","19,1","30,8","29,4",76,"0,674","3,8",70,"59,1","6,99","15,1","6,39"
98,2025-04-08,1,0,"28,7",49,"1,9",25,"4,4","20,5","31,2","21,7","79,5","0,599","6,4",74,"64,4","6,81","18,3","7,11"
99,2025-04-09,1,0,"27,8",53,"2,4","13,9","5,2","18,5","26,9","20,1","78,5","0,558","3,4",73,60,"7,06","15,3","7,28"
100,2025-04-10,1,0,27,51,"1,9","24,2","5,17","19,7","28,5","34,2","69,7","0,598","6,1",67,"63,8","6,99","25,4","7,2"
101,2025-04-11,1,0,27,57,"2,3","13,5","4,75","17,4","32,6","21,3","63,4","0,643","2,3",62,"63,4","7,21","22,1","6,83"
102,2025-04-12,0,0,"26,9",60,"2,2","22,7","4,23","6,6","19,7","16,4","73,6","0,513","3,8",67,"59,4","7,14","29,5","6,89"
103,2025-04-13,0,0,"23,6",53,"2,4",36,"4,44","13,1","21,2","6,7",66,"0,442","2,7",57,"57,2","6,87","26,7","7,3"
104,2025-04-14,1,0,"24,7",58,"2,3","32,5","4,95","21,6","30,9","24,5","74,4","0,578","4,8",71,"59,8","7,04","16,1","8,28"
105,2025-04-15,1,0,"27,8",60,"2,4","13,4","5,48","20,5",26,"33,9","73,4","0,443","6,8",69,"60,5","7,07",12,"7,93"
106,2025-04-16,1,0,"26,6",59,"2,4","11,2","4,55","15,5","29,4","30,2","79,3","0,593",5,74,61,"7,21","11,8","7,34"
107,2025-04-17,1,0,"27,4",56,"2,3","29,3","4,55","16,9","22,5","17,7","79,1","0,578","4,7",74,"62,3","6,95","25,6","7,06"
108,2025-04-18,0,1,"29,7",52,"2,2","29,1","4,9","11,9","17,7",18,"79,9","0,465","4,2",75,"60,3","7,41","25,5","7,42"
109,2025-04-19,0,0,"30,1",53,"2,5","13,4","4,6","17,3","18,1","7,5","77,4","0,357","2,3",72,"62,5","7,07",10,"6,58"
110,2025-04-20,0,0,"28,6",60,"1,8","11,2","5,22","16,2",23,"27,5","86,5","0,548","4,8",83,"57,6","7,17","14,1","7,43"
111,2025-04-21,1,0,"26,7",47,2,"20,4","4,08","20,4",22,32,"80,2","0,577","6,2",75,"58,8","7,11",9,"7,32"
112,2025-04-22,1,0,"24,4",49,"1,8",20,"5,34","22,5","29,1","22,5","75,5","0,605","7,2",73,"57,8","7,22","22,5","7,37"
113,2025-04-23,1,0,"28,8",62,"2,2","14,5","4,99","20,4","25,6","31,3","73,2","0,643","7,8",68,"58,2","7,2","14,3","6,74"
114,2025-04-24,1,0,"28,8",54,"2,1","19,7","5,22","20,8","27,5","31,1","75,2","0,671","5,8",69,"64,3","7,21","19,3","6,77"
115,2025-04-25,1,0,"28,7",59,"1,6","8,8","4,81","20,7","36,6","36,9","76,5","0,62","5,2",71,64,"6,89",10,"7,25"
116,2025-04-26,0,0,"27,1",62,"2,1","6,5","5,52","12,6",20,"12,2","79,1","0,315","4,2",74,"59,8","7,09","2,4","8,65"
117,2025-04-27,0,0,"29,2",61,2,"9,1","5,5","16,7","21,5","14,2","86,5","0,379","3,3",83,"57,5","7,14","19,2","6,38"
118,2025-04-28,1,0,"27,9",58,"1,9","12,2","4,92","22,6","34,7","33,2","72,8","0,773","7,8",73,"63,7","7,07",18,"7,02"
119,2025-04-29,1,0,"26,1",56,"2,3","12,2","5,23","14,8","27,6","32,4",90,"0,603",6,87,"59,6","7,12","16,2","7,3"
120,2025-04-30,1,0,"26,4",51,"2,3",0,"5,82","19,9","32,6","15,9","87,9","0,618","4,3",85,62,"7,1",15,"7,56"
121,2025-05-01,1,0,"29,2",57,"2,1","6,2","5,2","18,7","35,1",36,"87,6","0,672","6,5",84,"63,1","7,05","11,8","7,31"
122,2025-05-02,1,0,28,56,"2,7","16,7","4,71","22,1","27,8","17,1","65,2","0,567","5,3",72,"63,2","7,08","19,9","7,34"
123,2025-05-03,0,0,"28,6",52,"2,7","5,6","4,83","17,7","20,1","15,9","81,7","0,359","4,1",77,"58,3","7,02","13,9","7,44"
124,2025-05-04,0,0,"26,7",49,"2,7","6,6","5,17","14,1","25,4","17,6","74,7","0,503","3,7",68,"56,7","6,96","13,2","8,07"
125,2025-05-05,1,0,"28,5",61,"2,9",0,"5,13","27,1","30,3","33,2",85,"0,554","6,1",83,"57,3","7,13","11,6","7,57"
126,2025-05-06,1,0,"28,4",55,"2,2",14,"5,96","15,6","31,5","26,9","86,2","0,615","5,8",83,"58,5","7,02",9,"7,19"
127,2025-05-07,1,0,"28,4",50,"2,4","4,6","5,32","21,4","38,1","25,8","86,1","0,653","7,3",83,"62,3","7,04","15,7","8,03"
128,2025-05-08,1,0,27,54,"1,8",0,"6,3","21,9","32,2","30,6","90,6","0,654","6,5",88,"60,3","7,15","6,1","7,58"
129,2025-05-09,1,0,"30,3",55,"2,6",0,"6,22","17,6","38,1","27,2",96,"0,631","3,3",95,"64,2","7,11","4,9","7,57"
130,2025-05-10,0,0,"29,7",55,"2,4",0,"4,97","9,9","27,6","20,1","77,6","0,291","4,1",72,58,"7,16","9,6","7,26"
131,2025-05-11,0,0,"27,7",59,"2,2",0,"6,06","16,1","24,8","15,1","80,5","0,499","4,5",76,"55,6","7,12","8,9","8,19"
132,2025-05-12,1,0,27,60,"3,1","1,3","5,46","15,7","39,6","25,8","80,2","0,553","6,9",75,"63,6","7,14","6,9","7,34"
133,2025-05-13,1,0,"26,9",51,"2,8",0,"5,93","21,5","31,7","28,7","79,4","0,674","3,5",74,"62,9","7,2","5,5","7,49"
134,2025-05-14,1,0,"28,5",52,"2,1",0,"5,83","19,4","31,9","26,6","86,7","0,584","6,5",83,"62,7","6,99","10,8","7,46"
135,2025-05-15,1,0,"27,3",51,"2,1",0,"5,6","21,7",35,"34,6","85,6","0,565","5,9",82,"58,7","7,1","9,8","7,59"
136,2025-05-16,1,0,"27,9",58,"2,7",0,"6,04","17,9","29,6","36,6","85,8","0,456","7,1",82,"67,9","7,09","6,2","7,44"
137,2025-05-17,0,0,"27,8",52,"2,4",0,"6,17","13,8","17,1","15,1",91,"0,361",3,89,"55,5","7,28","17,2","7,89"
138,2025-05-18,0,0,"27,2",55,"2,3",0,"5,85","11,5","17,5","15,6","79,5","0,354","5,1",74,"58,2","7,23","11,6","7,28"
139,2025-05-19,1,0,"28,3",60,"2,6",0,"6,18","19,9","28,8","18,6","84,1","0,598","5,4",80,"59,5","6,89","11,3","7,75"
140,2025-05-20,1,0,"27,5",51,"2,2",0,"7,08","26,9",23,"19,9","94,2","0,558","4,8",93,"60,3","7,37","2,1","7,58"
141,2025-05-21,1,0,"26,4",49,"2,4","1,9","5,85","18,2","29,5","21,6","85,2","0,714","7,3",82,"65,3","7,05","8,3","7,62"
142,2025-05-22,1,0,"27,9",54,"2,6",0,"5,99","18,4","31,7","31,5","91,7","0,595","3,5",90,"65,6","7,14","11,1","7,68"
143,2025-05-23,1,0,"27,8",51,"2,8",0,"5,93","26,8","34,1","17,6","81,2","0,491",3,82,"67,3","6,84","9,3","7,21"
144,2025-05-24,0,0,"26,3",53,"2,7",0,"5,96","12,7","25,8","15,5","82,7","0,443","4,5",78,"55,8","7,25","5,3","8,48"
145,2025-05-25,0,0,"26,7",52,"2,6",0,"6,18","19,1","20,7","16,3","98,4","0,471","3,3",98,"57,1","6,97","1,1","7,92"
146,2025-05-26,1,0,"28,1",58,"3,1",0,"6,1","21,5","30,7","25,7","82,6","0,702","4,5",78,"60,5","6,78","16,2","7,76"
147,2025-05-27,1,0,"27,1",57,"2,4",0,"5,63","19,6","37,7","19,1","90,2","0,522",8,88,"59,3","6,96","6,9","8,47"
148,2025-05-28,1,0,"28,5",59,"2,1",0,"5,8","19,3","32,3","34,5","87,7","0,591","5,6",85,"61,2","7,18","9,6","7,22"
149,2025-05-29,1,0,"31,1",54,"2,6",0,"5,97",20,38,"12,2","100,3","0,682","5,9",100,"64,4","7,19","10,6","7,16"
150,2025-05-30,1,0,"26,9",57,"2,7","6,9","5,76","16,8","28,3","25,3","89,3","0,475","6,3",87,"60,7","6,91","14,5","7,98"
151,2025-05-31,0,0,"25,8",53,"2,3",0,"6,2","14,7","18,7","17,6","76,4","0,333","4,8",70,"60,3","7,2","6,5","8,02"
152,2025-06-01,0,0,"27,9",58,"2,5",0,"5,83","13,4","26,8","13,4","94,4","0,357","3,8",93,"55,9","7,25","2,4","7,22"
153,2025-06-02,1,0,"26,9",58,"2,9","0,9","5,73","21,3","32,9",28,85,"0,601","4,8",81,"59,1","6,99","9,7","7,84"
154,2025-06-03,1,0,"28,3",59,"2,9",0,"5,43","17,8","27,2","28,9","74,5","0,593","5,7",68,"59,1","7,04","14,3","6,88"
155,2025-06-04,1,0,"30,6",52,"2,5","11,2","5,72",16,"31,2","34,7","77,9","0,502","5,9",72,62,"6,88","18,2","7,04"
156,2025-06-05,1,0,26,64,"2,4","0,3","5,81","19,9","28,3","26,9","76,6","0,673","6,8",71,"64,3","7,32","7,9","7,58"
157,2025-06-06,0,1,"26,8",55,"2,9",0,"6,08","15,1","18,1","20,1","88,8","0,285","3,7",86,"56,4","6,8","9,2","7,54"
158,2025-06-07,0,0,"28,9",60,3,"4,8","6,51","11,9","19,6","11,6","74,9","0,316","4,1",69,"57,9","6,98",12,"7,02"
159,2025-06-08,0,0,26,47,"2,3",0,"6,88","11,7","28,1",12,"99,5","0,418",4,99,"55,5","6,92","2,9","8,16"
160,2025-06-09,1,0,"24,6",57,"2,7",0,"6,65","20,3",35,"36,8","90,7","0,588","6,2",88,"60,9","7,23","6,2","8,16"
161,2025-06-10,1,0,"27,7",60,"2,7",0,"6,23",19,30,24,"74,2","0,665","4,4",68,"62,3","6,87","3,8","7,44"
162,2025-06-11,1,0,"25,6",53,"2,5",0,"7,03","16,3","39,8","27,6",88,"0,625","4,4",85,"61,6",7,"1,3","7,78"
163,2025-06-12,1,0,"25,6",55,"2,8",0,"6,05","17,1","23,9","28,8","78,4","0,545","5,9",73,"62,4","7,38","12,1","7,38"
164,2025-06-13,1,0,"24,3",58,"2,7",0,"5,84","18,1","32,4","14,7","69,4","0,407",6,63,"61,5","7,25","12,4","7,71"
165,2025-06-14,0,0,"28,3",64,3,"1,3","6,09","10,7",25,"13,3","82,5","0,236","6,2",78,"60,1","7,31","8,2","8,14"
166,2025-06-15,0,1,"28,8",60,3,0,"6,49","13,6","31,4","13,4","98,9","0,324",3,99,"56,9","7,26",6,"7,03"
167,2025-06-16,1,0,"23,1",62,"2,4",8,"5,76","13,9","28,6","22,9",80,"0,59","4,8",75,"56,8","6,98","8,9","8,19"
168,2025-06-17,1,0,"27,5",50,"2,3",0,"6,68","23,7","26,4","29,5","91,4","0,678","6,7",89,"61,3","7,17","11,8","7,73"
169,2025-06-18,1,0,"23,9",50,3,0,"5,53","22,8","26,9","22,3","84,2","0,499","7,3",80,"62,1","6,61","1,4","7,75"
170,2025-06-19,1,0,"27,7",57,"3,2","25,6","6,29",22,"14,1","15,7","90,9","0,551","4,7",89,"63,2","7,12","22,7","7,82"
171,2025-06-20,0,1,"26,1",62,"3,1","4,3",6,"7,2","26,5","23,3","90,4","0,426","6,8",88,"59,5","7,13","13,6","7,12"
172,2025-06-21,0,0,"27,2",59,"3,1","3,5","6,29","15,4","21,7","21,8","92,9","0,269","3,7",91,"59,5","6,9","10,3","6,85"
173,2025-06-22,0,0,"26,3",62,"2,7","8,4","5,9","15,9","19,2","16,9","73,4","0,311","4,4",67,"56,8","7,13","12,8","6,98"
174,2025-06-23,1,0,"23,7",56,3,"9,3","6,4","18,7",28,"20,4","87,1","0,691","5,7",84,"60,8","7,01","18,2","7,99"
175,2025-06-24,1,0,"26,3",55,"3,6","23,9","5,78","15,4","24,5","24,1","84,9","0,333","4,1",81,"60,9","6,95","21,5","7,39"
176,2025-06-25,1,0,"29,2",61,"2,9","24,7","5,58","19,5","24,1","31,9","83,4","0,62","5,3",79,"61,4","7,02","18,6","6,96"
177,2025-06-26,1,0,"25,5",64,"3,2","9,1","5,63","19,7","30,7","30,9","71,5","0,442","4,7",67,"64,5","7,19","16,5","7,91"
178,2025-06-27,1,0,"24,4",63,"2,4","1,9","5,6","20,5","34,3","29,6","75,6","0,636","3,9",70,"65,3","7,09","7,4","8,05"
179,2025-06-28,0,0,"24,3",59,3,"10,9",6,"10,3","25,4",17,"89,1","0,298","4,1",86,"61,1","6,97","15,1","7,7"
180,2025-06-29,0,0,27,60,"2,9",16,"7,02","14,7","22,7","22,6","103,1","0,377","4,6",104,"55,8","7,01","14,2","7,1"
181,2025-06-30,1,0,24,55,"2,8","10,5","6,56",18,"27,1","27,9","87,7","0,504","4,3",85,"61,3","7,02","13,5","7,6"
182,2025-07-01,1,0,"22,8",62,"3,1","14,9","6,12","12,5","23,5","26,4","79,4","0,593","3,9",74,"58,9","7,15","17,6","8,58"
183,2025-07-02,1,0,"27,6",61,"3,1","5,1","6,26","23,9","24,7","20,3","95,2","0,523","6,3",94,"61,5","7,13","16,7","7,08"
184,2025-07-03,1,0,"27,8",60,"2,9","29,8","6,48","17,4","27,4","25,8","83,1","0,515","6,8",79,"61,4","7,15","29,8","6,94"
185,2025-07-04,1,0,26,66,"3,1","12,1","6,98","19,7","25,7","26,8","91,4","0,565","5,1",89,"63,1","7,01","8,8","8,01"
186,2025-07-05,0,0,"25,7",68,"3,3","14,7","6,54","14,5","13,5","4,4","80,2","0,35","3,5",75,"55,6","7,35","9,1","8,21"
187,2025-07-06,0,0,"25,7",65,"3,3","27,9","6,36","5,5","16,2","22,5",84,"0,408","4,7",80,59,"6,91","25,9","7,25"
188,2025-07-07,1,0,"25,6",53,"2,7","15,1","6,37","17,9","22,1","30,6","94,4","0,525","4,7",93,"61,5","7,35","17,9","7,18"
189,2025-07-08,1,0,22,56,"3,7",15,"6,07","18,3","33,4","26,4","78,1","0,457",6,73,"61,2","7,01","16,2","8,69"
190,2025-07-09,1,0,"23,2",56,"3,2","5,1","6,73","20,7","31,3","25,6","91,1","0,517","5,5",89,"61,8","7,64","11,7","7,92"
191,2025-07-10,1,0,"25,3",66,"2,8","29,8","6,57","12,7","26,3","25,2","94,4","0,527","5,1",93,"65,9","7,21","23,6","7,28"
192,2025-07-11,1,0,"25,8",63,"2,9","18,5","5,74","15,9","25,6","16,3","72,9","0,634","5,9",66,"64,7","7,31","5,6","7,71"
193,2025-07-12,0,0,23,55,"2,6","31,7","5,34","11,5","16,2",15,"62,9","0,48","4,6",54,"54,3","7,11",33,"7,94"
194,2025-07-13,0,0,"25,5",65,"2,7","22,5","6,14","13,8","24,2","13,1","73,6","0,271",3,67,"58,2","6,88","23,5","8,18"
195,2025-07-14,1,0,"22,9",60,3,"18,6","5,93","19,4","25,3","25,7","85,8","0,449","5,6",82,"63,6","7,12","17,3","7,79"
196,2025-07-15,1,0,"24,4",63,"2,6",7,"5,82","17,8","33,1","22,9","81,6","0,489","6,1",77,"61,5","7,14","9,9","8,4"
197,2025-07-16,1,0,"21,4",64,"2,8","11,9","5,17","17,7","31,8","20,2","53,1","0,704","3,5",62,"63,1","6,84","8,5","8,12"
198,2025-07-17,1,0,"24,1",60,"2,8","11,9","6,29",17,"33,5","22,5","85,4","0,425","5,6",82,"62,1","7,04","15,8","7,77"
199,2025-07-18,1,0,"24,5",69,"2,9","20,8","5,51","19,7","23,8","27,8","73,4","0,595",6,67,"67,8","6,91","19,3","8,32"
200,2025-07-19,0,0,"24,2",71,"2,5","22,2","6,69","11,7",23,"17,8","87,2","0,342","4,2",84,60,"6,75","23,1","8,07"
201,2025-07-20,0,0,"23,7",66,3,33,"5,69","4,4","15,6","16,2","81,9","0,348","4,9",77,"56,8","7,06","21,2","7,96"
202,2025-07-21,1,0,"21,9",66,"3,1","18,5","6,35","14,5","29,2","23,9","82,5","0,551",6,78,"62,7","6,94",14,"8,58"
203,2025-07-22,1,0,"24,4",71,"3,1","22,3","5,63","20,1","28,5",33,"71,6","0,577","5,8",68,"59,3","7,03","19,6","7,79"
204,2025-07-23,1,0,"22,8",62,"2,4","16,2","5,94","24,5","24,8","25,2","73,3","0,585","5,6",77,"60,8","7,11","18,1","8,29"
205,2025-07-24,1,0,"21,8",58,"3,4","24,1","5,79","14,3","20,3",25,"74,6","0,569","6,5",68,"61,5","7,11","28,5","8,94"
206,2025-07-25,1,0,"24,6",67,"3,4","30,8","5,84",18,"23,2","15,3","72,2","0,604",5,65,"61,2","7,02","31,8","7,66"
207,2025-07-26,0,0,"20,5",66,"2,9",9,"6,14","11,9","21,6","22,7","75,6","0,388","2,9",69,"55,6","7,09","12,9","8,4"
208,2025-07-27,0,0,"21,3",63,"3,5","14,8","5,91","12,7","18,5","13,6","82,5","0,194","2,5",78,"61,6","7,01","20,9","9,19"
209,2025-07-28,1,0,"22,9",68,3,"3,2","6,28","21,9","27,1",28,"74,5","0,479","6,4",72,"59,7","7,11","17,4","7,45"
210,2025-07-29,1,0,"21,6",55,"2,9","5,2","6,53","12,2","30,3","19,9","91,9","0,495","6,4",90,"63,6","7,16",17,"8,19"
211,2025-07-30,1,0,"22,2",62,"2,7","9,3","5,88","16,9","30,3","29,4","73,9","0,562","6,8",67,"64,4","7,01",21,"8,31"
212,2025-07-31,1,0,"23,1",64,3,"5,5","5,89","18,1",26,30,"86,8","0,624","6,3",84,63,"7,35","8,6","9,23"
213,2025-08-01,1,0,"20,6",64,3,24,"6,21","15,3","30,4","24,6","65,2","0,533","5,8",57,"64,6","7,27","18,2","7,8"
214,2025-08-02,0,0,"22,8",60,"2,9","0,3","5,8","14,3","13,5","10,2","64,9","0,346","4,7",56,"58,3","7,14","11,6","7,84"
215,2025-08-03,0,0,"19,2",63,"3,1","1,3","5,48","15,8","17,9","8,1","78,4","0,422",3,73,"59,9","7,1",7,"8,84"
216,2025-08-04,1,0,"22,7",69,"3,1","4,7","6,17","18,1",32,"11,3","84,5","0,571","5,1",81,"62,9","6,96","8,4","8,22"
217,2025-08-05,1,0,"21,2",67,"2,6",0,"5,98",21,"28,1","29,5","70,5","0,503","4,6",70,"61,7","7,03",6,"8,29"
218,2025-08-06,1,0,"23,1",67,"3,3",0,"5,48","16,8","30,1","28,2","69,9","0,688","7,3",62,"62,6","7,23",6,"8,53"
219,2025-08-07,1,0,"22,4",71,"3,2",0,"5,64","14,4","31,6","22,3","83,7","0,519","6,2",80,"64,3","7,07","11,3","7,57"
220,2025-08-08,1,0,"20,9",66,3,0,"5,89","19,4","26,6","25,6","70,8","0,706","4,5",66,"64,5","7,03","10,6","8,67"
221,2025-08-09,0,0,"19,2",73,"2,9","2,3","6,28","15,9","27,3","17,4","78,1","0,333","2,9",73,"57,8","6,98","16,1","7,73"
222,2025-08-10,0,0,19,75,"2,9","2,7","5,23","17,9","23,9","17,6","75,2","0,282","3,8",69,"56,7","7,24","12,2","8,56"
223,2025-08-11,1,0,"20,2",66,"2,9","7,8","5,93",19,"21,8","27,1","73,1","0,51","4,8",66,"63,8","7,22","18,9","9,3"
224,2025-08-12,1,0,"21,8",69,"2,7","12,7","4,97","17,8","28,3","25,3","75,5","0,447","6,2",69,"58,3","7,15","12,7","8,38"
225,2025-08-13,1,0,"18,7",68,"2,7",0,"5,71","17,3","27,3","27,3","66,2","0,57","5,3",62,"60,7","7,06","8,4","8,81"
226,2025-08-14,1,0,"19,1",66,"3,3",0,"6,83","15,9",21,"26,2","80,9","0,648",4,76,"62,4","6,99","6,6","8,57"
227,2025-08-15,1,0,"20,8",72,"3,5",0,"5,6","15,3","24,6","25,4","78,4","0,535","4,8",73,"63,2","7,1","6,5","8,52"
228,2025-08-16,0,0,"20,3",67,"3,2",0,"6,08","13,9","27,6","8,3","84,1","0,219","5,8",80,"59,1","7,15",5,"8,55"
229,2025-08-17,0,0,"21,8",74,"2,8",0,"5,66","10,3","23,1","14,4","69,4","0,23","4,9",62,"57,2","7,33","12,6","8,19"
230,2025-08-18,1,0,"19,3",69,3,0,"4,61","19,1","25,4","24,9","69,6","0,786","6,9",65,"64,5","7,07",15,"9,03"
231,2025-08-19,1,0,"20,3",68,"2,7","6,7","5,55","20,6","30,1",31,"66,7","0,653","5,2",69,"61,1","6,92","7,9","9,15"
232,2025-08-20,0,1,"17,5",68,"2,9",0,"5,57","11,3","18,9","14,3","59,5","0,208","2,7",50,60,"7,13","12,4","9,05"
233,2025-08-21,1,0,"19,6",65,"3,2",0,"5,24","21,2",29,"33,3","67,5","0,562","3,1",70,"60,9","7,09","0,5","8,92"
234,2025-08-22,1,0,"21,1",69,"2,6",0,"5,45","25,8","25,4","30,5","68,8","0,468",6,80,"65,2","7,33","12,4","7,72"
235,2025-08-23,0,0,"20,2",69,"2,5",0,"5,67",17,"25,4","10,7","69,7","0,394","5,7",62,58,"6,91","7,8","8,59"
236,2025-08-24,0,0,"21,2",62,"3,1","1,3","5,04","15,4","23,5","20,3","69,7","0,299","3,6",62,"58,1","7,21","12,2","8,11"
237,2025-08-25,1,0,"18,6",67,"2,7",0,"5,98","23,4","27,6","28,6","81,1","0,544","5,6",76,"62,1","7,2","12,2","8,35"
238,2025-08-26,1,0,"21,3",67,"2,8","0,9","5,65","17,9","37,2","32,4","74,7","0,667","5,9",68,"60,8","7,09",12,"8,8"
239,2025-08-27,1,0,20,66,"2,6",0,"5,08","15,1","30,1","24,1","76,7","0,536","4,2",71,"63,2","7,07","13,5","9,28"
240,2025-08-28,1,0,"17,9",63,"2,8","8,2","5,37","21,8","32,7","25,1","82,5","0,557","5,4",78,62,"7,17",11,"9,18"
241,2025-08-29,1,0,"20,2",66,"2,8",0,"4,39","14,7","34,6","16,8","69,5","0,561","4,6",62,"64,6","7,16",11,"8,19"
242,2025-08-30,0,0,"18,3",74,3,"2,5","5,48","12,8","25,1","4,6","76,1","0,263","3,1",70,"57,8","7,38","6,5","8,97"
243,2025-08-31,0,1,"20,9",74,"2,8",0,"4,98","12,8","20,5","13,4","75,5","0,449","6,6",69,"59,9","7,32","6,8","8,98"
244,2025-09-01,1,0,"18,8",82,"2,7",0,"5,36","15,4","34,3","26,1","62,9","0,551",5,57,"62,5","7,36","1,5","8,96"
245,2025-09-02,1,0,"20,2",68,"3,2",0,"5,42","20,7","33,9","23,1","81,1","0,586",6,76,"62,6","7,27","8,4","8,85"
246,2025-09-03,1,0,"20,7",72,"2,7",0,"4,96","20,1","33,4","22,7","75,6","0,56","3,7",70,"63,3","7,04","9,5","8,77"
247,2025-09-04,1,0,"19,7",73,"2,9",0,"4,24","21,3","32,7","25,3","64,4","0,524","4,9",70,"61,7",7,12,"8,4"
248,2025-09-05,1,0,"20,9",67,"3,1",0,"5,15","21,3","32,7","22,9","72,4","0,531","6,1",70,"62,5","7,33","3,2","8,7"
249,2025-09-06,0,0,"20,5",67,"3,1",0,"4,95","7,6","16,3","10,5","72,6","0,227","4,2",66,"55,1","7,05","7,7","8,15"
250,2025-09-07,0,0,"19,9",61,"3,2",0,"4,45","14,8","22,7","21,3","62,1","0,359","6,3",56,"57,5","6,82","14,3","8,96"
251,2025-09-08,1,0,18,71,3,"0,9","5,26","18,8","34,2",31,"69,6","0,549","7,6",65,"61,3","6,98","14,8","8,31"
252,2025-09-09,1,0,"21,5",68,"3,1",0,"4,51","16,4","37,4","21,1","72,5","0,591","2,5",66,"60,7","7,3","4,7","8,36"
253,2025-09-10,1,0,"20,4",66,"2,7",5,"4,99","20,4","29,3","34,1","66,9","0,522","6,9",68,"61,6","7,22","11,7","8,35"
254,2025-09-11,1,0,"17,7",69,"3,2",0,"5,4",14,"25,1","29,8","66,6","0,499","7,2",58,66,"7,13","9,7","8,8"
255,2025-09-12,1,0,"16,2",66,"2,9",0,"5,62","20,6","33,5","19,2","73,1","0,432","5,2",69,"60,1","7,14","9,1","9,56"
256,2025-09-13,0,0,"22,1",72,"3,3",0,"5,08",8,"27,6",16,"70,4","0,243","5,2",63,"56,1",7,"0,5","7,94"
257,2025-09-14,0,0,"16,9",70,"3,1","3,7","4,46","9,9","22,5","17,2","56,5","0,504","4,2",47,"58,5","7,16","15,9","8,69"
258,2025-09-15,1,0,"19,7",63,"3,1",14,"4,27","17,2","25,7","26,4","65,1","0,462",6,61,"57,6","6,9","14,4","8,77"
259,2025-09-16,1,0,"18,8",69,3,"8,1","4,42","15,4","27,5","37,1","58,6","0,299",5,57,62,"7,25","10,1","8,64"
260,2025-09-17,1,0,"19,5",80,"2,9",0,"4,12","22,6","35,3","28,4","62,6","0,684","4,2",73,"60,9","7,33","7,4","8,77"
261,2025-09-18,1,0,"20,7",70,"2,7","12,7","4,06","16,1","36,6","29,2",55,"0,536","6,3",59,"62,5","7,13","15,7","8,81"
262,2025-09-19,1,0,"19,5",70,"2,5","10,3","4,54","19,8","23,6","21,7","56,9","0,616","6,9",67,"62,3","7,13","11,9","8,34"
263,2025-09-20,0,0,18,65,"2,5","4,2","4,49","13,5","24,4","17,7","69,2","0,464","5,9",62,"58,1","7,12","12,1","8,54"
264,2025-09-21,0,0,"16,9",74,"2,9","13,2","4,43","12,2","16,6","25,9","62,4","0,242","4,2",53,"62,7","6,9","8,7","8,82"
265,2025-09-22,1,0,"15,8",77,"2,9",0,"4,29","20,7","32,2","24,2","61,5","0,561","5,6",69,"60,9","7,09","5,6","10,14"
266,2025-09-23,1,0,17,77,"2,7",14,"4,6","21,3",27,"25,2","69,5","0,557","7,1",70,"60,4","7,21","20,3","8,85"
267,2025-09-24,1,0,"16,5",73,"3,2",18,"4,32","21,6","32,8","22,5","59,5","0,492","6,1",71,"61,5","7,08","19,5","9,72"
268,2025-09-25,1,0,"16,7",77,"2,7","20,3","4,21","18,9","31,1","28,6","61,5","0,634","7,3",65,"63,5","7,16","20,9","8,69"
269,2025-09-26,1,0,"17,3",72,"2,6",0,"4,13","20,6","34,8","30,5","52,7","0,501","4,9",69,"65,9","7,12","15,7","9,37"
270,2025-09-27,0,0,"18,5",81,"2,5",8,"4,15","13,6","16,7","18,6","59,5","0,321","2,4",53,"58,3","7,12","14,7","8,9"
271,2025-09-28,0,0,"13,8",74,"2,5","24,7","4,59","4,1","19,3","17,6","53,7","0,453","4,1",45,"58,5","7,19","23,4","9,19"
272,2025-09-29,1,0,"18,3",74,"2,8","15,1","3,54","17,1","32,8","30,7","47,1","0,437","5,6",61,58,"6,99","17,8","8,94"
273,2025-09-30,1,0,"16,9",76,"2,3","12,6","3,27",17,"32,1","28,1","45,9","0,449","5,3",61,"62,1","7,38","20,4","9,24"
274,2025-10-01,1,0,"16,7",67,"2,6","8,4","4,56","16,2","28,1","20,3","65,7","0,544","7,2",59,"63,6","6,97","10,1","9,01"
275,2025-10-02,1,0,"16,9",71,"2,9",27,"3,56","20,5","30,4","23,1","64,3","0,551","5,1",68,"65,8","7,3","29,5","8,84"
276,2025-10-03,1,0,"14,9",72,"2,7",0,"4,11","16,5","30,7","31,5","61,6","0,584","3,7",60,"62,2","7,32","8,7","9,49"
277,2025-10-04,0,0,"19,5",76,"2,6","19,8","3,78","14,1","20,8","19,4","53,9","0,404","4,8",55,"57,7","7,17","19,9","8,21"
278,2025-10-05,0,0,"17,4",72,"2,7","20,1","4,29","10,7","13,9","14,2","71,1","0,348","3,4",64,"56,5","6,89","22,2","9,43"
279,2025-10-06,1,0,"15,7",80,"2,7","26,7","4,55","15,9","25,8","21,5","59,8","0,547","5,8",58,"60,5","7,16","20,5","8,86"
280,2025-10-07,1,0,"14,1",75,"2,8","13,4","3,52",20,"27,4","30,3",49,"0,57","5,3",67,"64,6","6,96","21,5","9,37"
281,2025-10-08,1,0,"13,5",77,"2,5","13,3","4,28","16,6","32,6","23,6","61,3","0,611","4,9",60,"61,3","7,19","13,1","10,22"
282,2025-10-09,1,0,"17,7",79,"2,5","24,9","3,2","13,9",29,"21,1","49,8","0,531","3,9",54,"65,4","7,45","20,9","9,19"
283,2025-10-10,1,0,"14,9",74,"2,3","12,8","4,14",23,"30,1","22,5",69,"0,516",4,74,"61,1","7,28","14,3","9,72"
284,2025-10-11,0,0,"15,8",81,"2,1","28,3","3,68",15,"17,2","8,3","56,5","0,377","3,2",57,"60,1","7,06","25,2","9,17"
285,2025-10-12,0,0,"15,4",69,"2,8","32,3","3,93","10,9","14,4","18,4",51,"0,452","3,3",45,"56,6","7,18","25,5","9,67"
286,2025-10-13,1,0,"14,5",79,"2,5","6,1","3,46","22,6","28,2","29,6","45,2","0,463","5,8",73,"61,8","7,3","10,3","9,63"
287,2025-10-14,1,0,"18,6",76,"2,2","18,2","4,15","18,4","33,5","30,3","55,4","0,502","5,3",64,"63,3","7,13","18,7","8,41"
288,2025-10-15,1,0,"15,7",73,"2,5","16,8",4,"19,5","24,3","32,5",48,"0,611","6,2",66,"63,4","7,37","18,2","8,95"
289,2025-10-16,0,1,"13,8",69,"3,4","7,5","3,31","11,6","14,2","11,6","54,3","0,281","2,1",48,57,"7,08","16,3","9,76"
290,2025-10-17,1,0,"15,8",76,"1,8","29,6","3,29","15,7","22,5",26,47,"0,724","3,6",58,"60,3","7,08","27,2","9,04"
291,2025-10-18,0,0,"17,3",77,"2,7","24,9","3,66",9,"17,7","7,8","53,5","0,424",4,45,"59,2","7,25","18,5","9,17"
292,2025-10-19,0,0,"15,9",81,"1,9","20,2","3,29","12,4","24,6","15,5","55,4","0,51","5,4",51,"57,1","6,94","20,7","8,64"
293,2025-10-20,1,0,"17,5",78,"2,1","13,3","3,58","21,9","34,7","31,3","54,9","0,558",4,72,58,"7,11",17,"9,48"
294,2025-10-21,1,0,"16,6",72,"2,1","19,2","3,56","16,5","31,2","25,2","50,6","0,617","5,6",60,"58,9","6,93","20,4","8,63"
295,2025-10-22,1,0,"15,8",68,"2,3","20,7","3,39","19,4","25,4","20,5",53,"0,615","2,8",66,"59,8","7,1","25,7","9,56"
296,2025-10-23,1,0,"17,2",77,"2,7","13,9","2,81","20,9","29,1",34,"49,5","0,54","4,4",69,"62,6","7,11","17,5","9,66"
297,2025-10-24,1,0,"17,5",74,"3,1","25,3","3,56","13,3","26,3","25,7","44,1","0,536","5,7",53,"64,8","6,96","16,7","9,08"
298,2025-10-25,0,0,"14,6",77,"2,4","12,7","3,47",9,"22,5","17,5","49,5","0,26","3,4",41,"58,1","7,2","12,7","9,49"
299,2025-10-26,0,0,"15,9",76,"2,8","1,9","3,15","14,7","20,2","16,9","52,4","0,394","3,8",56,"55,8","7,06","10,3","8,97"
300,2025-10-27,0,1,"19,4",75,"2,8","5,1","3,52","14,4","11,9","11,1","52,2","0,27","3,8",55,"55,2","7,12","18,6","8,61"
301,2025-10-28,1,0,"14,5",70,"2,1","12,8","2,33","18,3",33,"22,9","45,1","0,664",5,64,"63,2","7,5","10,9","8,91"
302,2025-10-29,1,0,"17,5",73,"2,6","5,6","3,47","18,7","23,9","31,5","58,6","0,635","6,1",65,"61,5","7,03","15,8","9,35"
303,2025-10-30,1,0,"14,5",76,"2,4","12,6","2,59","22,4","32,9","22,3","58,8","0,561","5,7",73,"63,2","7,16","17,4","9,08"
304,2025-10-31,1,0,"19,2",73,"2,7",0,"2,85","19,9","34,1","31,6","61,8","0,595","3,6",67,"62,4","7,35","8,9","8,55"
305,2025-11-01,0,0,"15,8",77,"2,2",0,"2,8","13,9",25,"17,3","41,1","0,318","5,4",54,"58,7","6,77","13,2","8,59"
306,2025-11-02,0,0,"17,7",79,"2,1","1,7","2,86",12,"25,6",24,"52,5","0,433","3,3",50,"56,3","7,27","6,5","8,81"
307,2025-11-03,1,0,"15,6",70,"2,2",0,"3,73","24,4","32,9","18,7","62,3","0,559","6,7",77,62,"7,07","8,5","9,75"
308,2025-11-04,1,0,"15,4",77,"2,6","2,5","2,85","19,6","28,1","23,8","51,8","0,52","7,7",67,"62,5","7,13","19,5","8,94"
309,2025-11-05,1,0,17,71,"1,7","14,6","3,07","22,2","28,1","20,7","51,1","0,533","6,2",72,"61,1","6,87","17,4","8,64"
310,2025-11-06,0,1,17,79,"2,3",0,"2,51","16,5","20,8","18,7","41,2","0,398","5,4",60,"60,5","7,01","8,2","9,1"
311,2025-11-07,1,0,"13,2",72,"2,1","6,1","2,9","15,9","32,6","25,6","45,1","0,534","4,8",59,"65,6","6,99","9,9","9,39"
312,2025-11-08,0,0,"17,4",79,"1,8",0,"2,45","18,8","30,2","23,2","47,3","0,471","5,7",65,59,"6,93",4,"9,06"
313,2025-11-09,0,0,"14,2",74,"2,1","7,3","3,2","14,5","20,6","21,9","57,7","0,42","6,2",55,"57,3","6,96","7,2","8,99"
314,2025-11-10,1,0,"16,4",65,"2,3",0,"3,29","22,7","31,7",31,55,"0,553","7,5",73,"61,8","7,18","12,3","9,39"
315,2025-11-11,1,0,"14,8",83,"1,9","1,9","3,18","25,2","24,2","28,5","51,2","0,571","5,4",79,"64,5","6,88","3,6","9,34"
316,2025-11-12,1,0,17,78,"2,5",0,"3,09",18,"26,5","19,5",46,"0,795","5,1",63,64,"6,95","16,9","9,09"
317,2025-11-13,1,0,"14,6",76,"2,3",0,"3,27","13,6","25,1","29,6","53,7","0,685","5,9",54,"65,2","7,18",9,"9,39"
318,2025-11-14,1,0,"14,2",78,"2,1","2,3","2,96","17,5","33,9","21,2","46,6","0,646","5,4",62,"62,7","7,35","12,1","8,74"
319,2025-11-15,0,0,"15,6",75,"1,8","4,9","2,68","14,1","23,6","20,5","40,2","0,529","2,9",55,"59,4","7,05","15,7","8,75"
320,2025-11-16,0,0,"16,8",75,"2,3",0,"1,95","15,8","22,6","8,3","46,7","0,408","2,7",58,"56,7","7,3","6,4","9,39"
321,2025-11-17,1,0,"18,1",76,"2,5",0,"2,23","17,5","31,1","28,9","44,5","0,557","4,8",62,"63,6","7,04","11,7","9,39"
322,2025-11-18,1,0,"15,6",73,"2,3",0,"3,48","17,4","31,2","23,9","59,6","0,582","5,6",62,"62,4","7,17","14,2","9,3"
323,2025-11-19,1,0,"12,6",79,"2,2",0,"2,75","16,2","32,7","26,6","36,1","0,765","5,6",59,"61,3","6,98","18,3","9,54"
324,2025-11-20,1,0,"18,2",80,"2,2",0,"2,07","27,1","31,2","37,5","40,8","0,558","6,3",83,"64,8","7,13","15,9","8,39"
325,2025-11-21,1,0,"18,1",74,"1,7",0,"2,65","13,8","31,4",37,"51,9","0,598","6,2",54,"62,4","7,01","8,1","8,26"
326,2025-11-22,0,0,"16,2",76,"2,2",0,"2,81","16,4","24,1",20,"40,2","0,274","5,1",60,"57,9","7,14",12,"8,92"
327,2025-11-23,0,0,"16,3",72,2,0,"3,08","11,7",24,"19,8","53,3","0,395","4,2",49,"59,9","7,25","8,6","8,41"
328,2025-11-24,1,0,"15,3",79,"1,4",0,"2,44",22,"36,3","27,7","36,1","0,675","4,4",72,"57,2","7,08","4,2","9,21"
329,2025-11-25,1,0,"17,6",66,"1,5",0,"3,07","24,5","31,2","21,5","52,7","0,776","3,4",77,"62,3","7,37","13,6","8,8"
330,2025-11-26,1,0,"18,6",70,"1,8",0,"2,3",21,"27,7","29,5","54,9","0,88","5,8",70,"62,3","7,1","13,6","8,68"
331,2025-11-27,1,0,"16,9",71,"1,6","0,8","2,47","21,5","35,9","29,3","49,3","0,654","6,2",71,"64,8","7,02","6,2","8,55"
332,2025-11-28,1,0,"16,1",73,"2,2",0,"1,75","22,9","26,3","27,7","43,6","0,597","5,2",74,"64,4","7,36","10,5","8,8"
333,2025-11-29,0,0,"20,4",82,2,0,"1,98","14,7","28,5",21,"39,4","0,328","3,5",56,"57,2","6,97","1,7","8,76"
334,2025-11-30,0,0,"17,8",68,2,0,"1,84","17,5",26,"20,5","43,2","0,218","5,6",62,"55,6","6,89",6,"8,57"
335,2025-12-01,1,0,"18,2",74,"2,1",0,"2,01","19,1","33,5","30,2","48,6","0,702",5,65,"63,7","7,24","9,3","8,76"
336,2025-12-02,1,0,"17,1",77,"2,1",0,"2,31","17,2","26,5","23,9","47,1","0,672","5,3",61,"62,7","6,99","8,6","8,87"
337,2025-12-03,1,0,"15,7",71,"2,6",0,"1,89","18,2","26,6",34,"36,1","0,504","3,4",63,"62,5","7,08","11,5","9,21"
338,2025-12-04,1,0,"15,2",77,2,0,"2,31","25,6","32,1","23,4","44,5","0,505","7,5",80,"61,6","7,08","11,3","9,6"
339,2025-12-05,1,0,"18,6",71,"1,5",0,"2,74","21,8","37,1",30,"49,6","0,672","7,3",71,"60,9","7,05",14,"8,68"
340,2025-12-06,0,0,18,74,"1,7",0,"2,2","14,8","24,1","25,9","40,3","0,39",5,56,60,"7,05","6,4","8,14"
341,2025-12-07,0,0,"16,6",66,"1,7",2,"2,74","17,8","23,8","15,1","46,1","0,323","3,4",63,"58,2","7,08","8,5","8,31"
342,2025-12-08,1,0,"15,8",70,"1,8",13,"2,63",17,"34,3","28,6","46,6","0,692","1,8",61,"62,5","6,93","17,9","8,86"
343,2025-12-09,1,0,"18,9",70,2,"5,9","2,49","18,7","34,6","26,8","51,9","0,575","6,4",65,"58,3","6,99","10,8","9,14"
344,2025-12-10,1,0,"19,5",81,"1,9","4,6","2,35","19,6","26,5","26,3","48,2","0,639",4,67,"61,3","7,12","8,3","8,89"
345,2025-12-11,1,0,"15,7",86,2,0,"2,82","20,3","27,1","28,8",48,"0,635","7,3",68,"62,1","7,13","0,5","9,51"
346,2025-12-12,1,0,"18,4",71,"1,7",0,"1,98","21,7","36,9",15,"53,4","0,534","5,3",71,"62,8","7,24","9,3","8,45"
347,2025-12-13,0,0,"16,9",74,"1,8","10,6","2,61","14,4","24,6","13,9","46,9","0,455","4,2",55,"60,1","7,18","13,5","8,55"
348,2025-12-14,0,0,"20,3",60,"1,7","9,9","1,78","15,9",27,"21,2",45,"0,309","5,1",59,"53,7","7,24",14,"8,64"
349,2025-12-15,1,0,"21,2",67,"1,3",0,"1,87","25,1","41,3","21,4","54,4","0,702","4,2",78,"57,9","7,07","2,6","8,29"
350,2025-12-16,1,0,"19,8",66,"1,9","14,7","2,79",16,"30,5","18,4","48,3","0,636","5,8",59,"63,1","6,99",15,"8,4"
351,2025-12-17,1,0,"18,2",74,"1,2",0,"1,38","22,4","26,6","33,2","40,4","0,743","5,5",73,"63,6","7,07","8,6","8,93"
352,2025-12-18,1,0,"15,6",68,"2,1",0,"1,82","22,6","29,2","33,9","47,2","0,598","4,1",73,"64,6","6,99","3,3","9,52"
353,2025-12-19,1,0,"18,7",76,"2,2","1,8","2,37","17,3","28,3","32,5","46,5","0,569","4,3",62,"64,5","7,09","17,6","8,19"
354,2025-12-20,0,0,"19,2",75,"1,6","11,9","2,32","18,8","17,6",24,"43,9","0,358","5,1",65,"63,9","7,14","14,3","8,32"
355,2025-12-21,0,0,"17,6",70,"1,8","10,8","2,08","18,8","13,9","18,4","52,4","0,283","5,6",65,"56,9","7,13","14,9","9,13"
356,2025-12-22,1,0,"16,7",68,"1,4","8,3","1,7","17,2",41,"20,9","32,9","0,761","6,2",61,"63,6","6,94","13,8","9,44"
357,2025-12-23,1,0,17,70,"1,8",17,"2,26","22,8","24,2","26,4","40,1","0,466","4,4",73,61,"7,16","18,1","8,69"
358,2025-12-24,1,0,"16,5",79,"2,3","29,5","2,28","13,5","20,1","19,2","46,8","0,689","4,9",53,"59,9","6,96","27,8","8,88"
359,2025-12-25,1,0,"18,3",68,"1,7","24,6","2,26","18,3","37,9","28,8","43,9","0,639","4,8",64,"60,7","7,31","14,2","8,69"
360,2025-12-26,1,0,"17,5",62,2,"18,6","2,03","16,9","29,5","25,4","52,1","0,513","6,2",61,"64,4","7,26","18,4","8,29"
361,2025-12-27,0,0,19,70,"1,5","13,6","2,2","11,3","24,1",25,"41,6","0,443","3,2",47,"60,2","7,2","21,9","8,4"
362,2025-12-28,0,0,"16,1",71,"1,4","18,5","2,11","16,5","17,4","11,9","35,7","0,384","4,5",60,"59,6","7,17",15,"8,19"
363,2025-12-29,1,0,"19,1",71,"1,8","17,8","2,23","17,4","28,3","30,6","45,3","0,668","6,6",62,"58,5","6,95","15,6","8,39"
364,2025-12-30,1,0,19,67,"1,8","20,2","2,93","18,6",25,"21,2","50,4","0,557","6,1",64,"59,9","7,15","21,7","8,8"
365,2025-12-31,1,0,"20,1",70,"1,5","21,9","2,62","17,5","25,8",30,"52,3","0,598","4,6",62,"62,6","7,02","16,2","7,97"